{
    "domain": "disflooding_var35_base",
    "checkpoint": "checkpoints/disflooding_var35_base_LSTM.pth",
    "best_val_acc": 0.7490654205607477,
    "epochs_trained": 505,
    "val_loss": 0.5521977543830872,
    "accuracy": 0.7490654205607477,
    "f1": 0.7660130718954248,
    "roc_auc": 0.8338299479603828,
    "confusion_matrix": [
        [
            724,
            312
        ],
        [
            225,
            879
        ]
    ],
    "support": {
        "negatives": 1036,
        "positives": 1104,
        "total": 2140
    }
}