{
    "domain": "disflooding_var30_oo",
    "checkpoint": "checkpoints/disflooding_var30_oo_LSTM.pth",
    "best_val_acc": 0.996,
    "epochs_trained": 89,
    "val_loss": 0.021927393972873688,
    "accuracy": 0.996,
    "f1": 0.9777777777777777,
    "roc_auc": 0.9989016711357978,
    "confusion_matrix": [
        [
            1816,
            0
        ],
        [
            8,
            176
        ]
    ],
    "support": {
        "negatives": 1816,
        "positives": 184,
        "total": 2000
    }
}