{
    "domain": "disflooding_var30_base",
    "checkpoint": "checkpoints/disflooding_var30_base_LSTM.pth",
    "best_val_acc": 0.7037383177570093,
    "epochs_trained": 544,
    "val_loss": 0.6069926023483276,
    "accuracy": 0.7037383177570093,
    "f1": 0.6931268151016456,
    "roc_auc": 0.7790169828213306,
    "confusion_matrix": [
        [
            790,
            246
        ],
        [
            388,
            716
        ]
    ],
    "support": {
        "negatives": 1036,
        "positives": 1104,
        "total": 2140
    }
}