{
    "domain": "disflooding_var40_oo",
    "checkpoint": "checkpoints/disflooding_var40_oo_LSTM.pth",
    "best_val_acc": 0.996,
    "epochs_trained": 91,
    "val_loss": 0.022107448428869247,
    "accuracy": 0.996,
    "f1": 0.9777777777777777,
    "roc_auc": 0.9980008619038498,
    "confusion_matrix": [
        [
            1816,
            0
        ],
        [
            8,
            176
        ]
    ],
    "support": {
        "negatives": 1816,
        "positives": 184,
        "total": 2000
    }
}