{
    "domain": "disflooding_var35_oo",
    "checkpoint": "checkpoints/disflooding_var35_oo_LSTM.pth",
    "best_val_acc": 0.9965,
    "epochs_trained": 110,
    "val_loss": 0.01606564037501812,
    "accuracy": 0.9965,
    "f1": 0.9806094182825486,
    "roc_auc": 0.9992907249569047,
    "confusion_matrix": [
        [
            1816,
            0
        ],
        [
            7,
            177
        ]
    ],
    "support": {
        "negatives": 1816,
        "positives": 184,
        "total": 2000
    }
}